<asf xmlversion="1.0">
	<project caption="Dual Virtual Serial Device Demo (Low Level APIs)" id="lufa.demos.device.lowlevel.dual_cdc.example">
		<require idref="lufa.demos.device.lowlevel.dual_cdc"/>
		<require idref="lufa.boards.dummy.avr8"/>
		<generator value="as5_8"/>

		<device-support value="at90usb1287"/>
		<config name="lufa.drivers.board.name" value="usbkey"/>

		<build type="define" name="F_CPU" value="8000000UL"/>
		<build type="define" name="F_USB" value="8000000UL"/>
	</project>

	<module type="application" id="lufa.demos.device.lowlevel.dual_cdc" caption="Dual Virtual Serial Device Demo (Low Level APIs)">
		<info type="description" value="summary">
		Dual Virtual Serial (CDC) demo, implementing a pair of virtual serial port interfaces.
		</info>

		<info type="keyword" value="Technology">
			<keyword value="Low Level APIs"/>
			<keyword value="USB Device"/>
			<keyword value="CDC Class"/>
		</info>

		<device-support-alias value="lufa_avr8"/>
		<device-support-alias value="lufa_xmega"/>
		<device-support-alias value="lufa_uc3"/>

		<build type="distribute" subtype="user-file" value="DualVirtualSerial.txt"/>
		<build type="distribute" subtype="user-file" value="LUFA DualVirtualSerial.inf"/>

		<build type="c-source" value="DualVirtualSerial.c"/>
		<build type="c-source" value="Descriptors.c"/>
		<build type="header-file" value="DualVirtualSerial.h"/>
		<build type="header-file" value="Descriptors.h"/>

		<build type="module-config" subtype="path" value="Config"/>
		<build type="header-file" value="Config/LUFAConfig.h"/>

		<require idref="lufa.common"/>
		<require idref="lufa.platform"/>
		<require idref="lufa.drivers.usb"/>
		<require idref="lufa.drivers.board"/>
		<require idref="lufa.drivers.board.leds"/>
		<require idref="lufa.drivers.board.joystick"/>
	</module>
</asf>
