<asf xmlversion="1.0">
	<project caption="MIDI Host Demo (Class Driver APIs)" id="lufa.demos.host.class.midi.example">
		<require idref="lufa.demos.host.class.midi"/>
		<require idref="lufa.boards.dummy.avr8"/>
		<generator value="as5_8"/>

		<device-support value="at90usb1287"/>
		<config name="lufa.drivers.board.name" value="usbkey"/>

		<build type="define" name="F_CPU" value="8000000UL"/>
		<build type="define" name="F_USB" value="8000000UL"/>
	</project>

	<module type="application" id="lufa.demos.host.class.midi" caption="MIDI Host Demo (Class Driver APIs)">
		<info type="description" value="summary">
		MIDI Host demo, capable of sending and receiving MIDI messages to and from an attached device.
		</info>

		<info type="keyword" value="Technology">
			<keyword value="Class Driver APIs"/>
			<keyword value="USB Host"/>
			<keyword value="MIDI Class"/>
		</info>

		<device-support-alias value="lufa_avr8"/>
		<device-support-alias value="lufa_xmega"/>
		<device-support-alias value="lufa_uc3"/>

		<build type="distribute" subtype="user-file" value="MIDIHost.txt"/>

		<build type="c-source" value="MIDIHost.c"/>
		<build type="header-file" value="MIDIHost.h"/>

		<build type="module-config" subtype="path" value="Config"/>
		<build type="header-file" value="Config/LUFAConfig.h"/>

		<require idref="lufa.common"/>
		<require idref="lufa.platform"/>
		<require idref="lufa.drivers.usb"/>
		<require idref="lufa.drivers.peripheral.usart"/>
		<require idref="lufa.drivers.misc.ansi"/>
		<require idref="lufa.drivers.board"/>
		<require idref="lufa.drivers.board.leds"/>
		<require idref="lufa.drivers.board.buttons"/>
		<require idref="lufa.drivers.board.joystick"/>
	</module>
</asf>
