<asf xmlversion="1.0">
	<project caption="Keyboard and Mouse HID Device Demo (Low Level APIs)" id="lufa.demos.device.lowlevel.keyboard_mouse.example">
		<require idref="lufa.demos.device.lowlevel.keyboard_mouse"/>
		<require idref="lufa.boards.dummy.avr8"/>
		<generator value="as5_8"/>

		<device-support value="at90usb1287"/>
		<config name="lufa.drivers.board.name" value="usbkey"/>

		<build type="define" name="F_CPU" value="8000000UL"/>
		<build type="define" name="F_USB" value="8000000UL"/>
	</project>

	<module type="application" id="lufa.demos.device.lowlevel.keyboard_mouse" caption="Keyboard and Mouse HID Device Demo (Low Level APIs)">
		<info type="description" value="summary">
		Keyboard and Mouse HID device demo, implementing a basic USB keyboard and mouse using a pair of HID interfaces.
		</info>

		<info type="keyword" value="Technology">
			<keyword value="Low Level APIs"/>
			<keyword value="USB Device"/>
			<keyword value="HID Class"/>
		</info>

		<device-support-alias value="lufa_avr8"/>
		<device-support-alias value="lufa_xmega"/>
		<device-support-alias value="lufa_uc3"/>

		<build type="distribute" subtype="user-file" value="KeyboardMouse.txt"/>

		<build type="c-source" value="KeyboardMouse.c"/>
		<build type="c-source" value="Descriptors.c"/>
		<build type="header-file" value="KeyboardMouse.h"/>
		<build type="header-file" value="Descriptors.h"/>

		<build type="module-config" subtype="path" value="Config"/>
		<build type="header-file" value="Config/LUFAConfig.h"/>

		<require idref="lufa.common"/>
		<require idref="lufa.platform"/>
		<require idref="lufa.drivers.usb"/>
		<require idref="lufa.drivers.board"/>
		<require idref="lufa.drivers.board.leds"/>
		<require idref="lufa.drivers.board.joystick"/>
		<require idref="lufa.drivers.board.buttons"/>
	</module>
</asf>
