<asf xmlversion="1.0">
	<project caption="Generic HID Device Demo (Class Driver APIs)" id="lufa.demos.device.class.generic_hid.example">
		<require idref="lufa.demos.device.class.generic_hid"/>
		<require idref="lufa.boards.dummy.avr8"/>
		<generator value="as5_8"/>

		<device-support value="at90usb1287"/>
		<config name="lufa.drivers.board.name" value="usbkey"/>

		<build type="define" name="F_CPU" value="8000000UL"/>
		<build type="define" name="F_USB" value="8000000UL"/>
	</project>

	<module type="application" id="lufa.demos.device.class.generic_hid" caption="Generic HID Device Demo (Class Driver APIs)">
		<info type="description" value="summary">
		Generic HID device demo, implementing a device whose LEDs can be controlled via HID messages from the host.
		</info>

		<info type="keyword" value="Technology">
			<keyword value="Class Driver APIs"/>
			<keyword value="USB Device"/>
			<keyword value="HID Class"/>
		</info>

		<device-support-alias value="lufa_avr8"/>
		<device-support-alias value="lufa_xmega"/>
		<device-support-alias value="lufa_uc3"/>

		<build type="c-source" value="GenericHID.c"/>
		<build type="c-source" value="Descriptors.c"/>
		<build type="header-file" value="GenericHID.h"/>
		<build type="header-file" value="Descriptors.h"/>

		<build type="module-config" subtype="path" value="Config"/>
		<build type="header-file" value="Config/AppConfig.h"/>
		<build type="header-file" value="Config/LUFAConfig.h"/>

		<require idref="lufa.common"/>
		<require idref="lufa.platform"/>
		<require idref="lufa.drivers.usb"/>
		<require idref="lufa.drivers.board.leds"/>
	</module>
</asf>
