<asf xmlversion="1.0">
	<project caption="Audio Output Host Demo (Low Level APIs)" id="lufa.demos.host.lowlevel.audio_output.example">
		<require idref="lufa.demos.host.lowlevel.audio_output"/>
		<require idref="lufa.boards.dummy.avr8"/>
		<generator value="as5_8"/>

		<device-support value="at90usb1287"/>
		<config name="lufa.drivers.board.name" value="usbkey"/>

		<build type="define" name="F_CPU" value="8000000UL"/>
		<build type="define" name="F_USB" value="8000000UL"/>
	</project>

	<module type="application" id="lufa.demos.host.lowlevel.audio_output" caption="Audio Output Host Demo (Low Level APIs)">
		<info type="description" value="summary">
		Audio Output Host demo, implementing a basic USB audio source that can output audio data to an attached device.
		</info>

		<info type="keyword" value="Technology">
			<keyword value="Low Level APIs"/>
			<keyword value="USB Host"/>
			<keyword value="Audio Class"/>
		</info>

		<device-support-alias value="lufa_avr8"/>
		<device-support-alias value="lufa_xmega"/>
		<device-support-alias value="lufa_uc3"/>

		<build type="distribute" subtype="user-file" value="AudioOutputHost.txt"/>

		<build type="c-source" value="AudioOutputHost.c"/>
		<build type="c-source" value="ConfigDescriptor.c"/>
		<build type="header-file" value="AudioOutputHost.h"/>
		<build type="header-file" value="ConfigDescriptor.h"/>

		<build type="module-config" subtype="path" value="Config"/>
		<build type="header-file" value="Config/AppConfig.h"/>
		<build type="header-file" value="Config/LUFAConfig.h"/>

		<require idref="lufa.common"/>
		<require idref="lufa.platform"/>
		<require idref="lufa.drivers.usb"/>
		<require idref="lufa.drivers.peripheral.usart"/>
		<require idref="lufa.drivers.peripheral.adc"/>
		<require idref="lufa.drivers.misc.ansi"/>
		<require idref="lufa.drivers.board"/>
		<require idref="lufa.drivers.board.leds"/>
		<require idref="lufa.drivers.board.buttons"/>
	</module>
</asf>
